-- Team Falcons Pricing OS — Seed data
-- Run AFTER 001_init.sql

-- TIERS
insert into public.tiers (code, label, follower_threshold, engagement_range, audience_quality, authority_signal, base_fee_min, base_fee_max, floor_share, promotion_trigger, demotion_trigger, sort_order) values
  ('Tier S', 'Superstar', '>1M on any platform', '≥7%', '≥85 (verified)', 'Global anchor · Mainstream cross-over', 40000, 50000, 0.65, 'Brand partnership waitlist', 'Sub-1M for 2 quarters', 1),
  ('Tier 1', 'Star', '250K – 1M', '5% – 7%', '70 – 85', 'Regional top 10 in their game/vertical', 22000, 30000, 0.55, 'Sustained ≥1M reach 2 quarters', 'Sub-250K for 2 quarters', 2),
  ('Tier 2', 'Core Influencer', '50K – 250K', '4% – 6%', '55 – 70', 'Active pro or mid-tier creator', 11000, 18000, 0.45, 'Hit 250K+ and 5%+ ER 2 quarters', 'Sub-50K for 2 quarters', 3),
  ('Tier 3', 'Rising', '10K – 50K', '3% – 5%', '45 – 55', 'Emerging talent · Niche specialist', 6500, 10000, 0.35, 'Cross 50K followers', 'Sub-10K for 2 quarters', 4),
  ('Tier 4', 'Entry / Staff', '<10K or staff', '<3%', '<45', 'Support roles · Developing roster', 3000, 5500, 0.25, 'Cross 10K + 3% ER 2 quarters', 'Extended inactivity', 5);

-- PLAYERS (189 rows from v1.5 live sheet)
insert into public.players (nickname, full_name, role, game, team, nationality, tier_code, rate_ig_reel, rate_ig_static, rate_ig_story, rate_tiktok_video, rate_yt_short, rate_x_post, rate_fb_post, rate_twitch_stream, rate_twitch_integ, rate_irl, commission, markup, notes, x_handle) values
  ('Bijw', 'Hisham Nasser', 'Influencer', 'Esports Influencers', 'Esports Influencers', 'Saudi Arabia', 'Tier 3', 11000.0, 4600.0, 0, 8600.0, 3500.0, 2200.0, 2200.0, 15950.0, 7150.0, 0, 0.3, 1.0, '6 platforms', 'https://x.com/_bijw'),
  ('Abo Najd', 'Riyad Alfahmi', 'Influencer', 'Esports Influencers', 'Esports Influencers', 'Saudi Arabia', 'Tier 3', 8100.0, 3200.0, 0, 6350.0, 2600.0, 1600.0, 1600.0, 11800.0, 5300.0, 0, 0.3, 1.0, '4 platforms', 'https://x.com/K22N8'),
  ('FMG', 'Nasser alotaibi', 'Influencer', 'Esports Influencers', 'Esports Influencers', 'Saudi Arabia', 'Tier 3', 7450.0, 3150.0, 0, 5850.0, 2400.0, 1500.0, 1500.0, 10850.0, 4850.0, 0, 0.3, 1.0, '4 platforms', 'https://x.com/iFMG_'),
  ('Abo Ghazi', 'Mohammed Albaqami', 'Influencer', 'Esports Influencers', 'Esports Influencers', 'Saudi Arabia', 'Tier 3', 5200.0, 2200.0, 0, 4050.0, 1650.0, 1050.0, 1050.0, 7550.0, 3400.0, 0, 0.3, 1.0, '3 platforms', 'https://x.com/MohxamedZ'),
  ('Mary', 'Maryam Maher', 'Influencer', 'Esports Influencers', 'Esports Influencers', 'Bahraini', 'Tier 3', 8100.0, 3400.0, 0, 6350.0, 2600.0, 1600.0, 1600.0, 11800.0, 5300.0, 0, 0.3, 1.0, '5 platforms', 'https://x.com/marypink'),
  ('Ghala', 'Ghala Alqahtani', 'Influencer', 'Esports Influencers', 'Esports Influencers', 'Saudi Arabia', 'Tier 3', 7450.0, 3150.0, 0, 5850.0, 2400.0, 1500.0, 1500.0, 10850.0, 4850.0, 0, 0.3, 1.0, '5 platforms', 'https://x.com/pg_ghala3?lang=en'),
  ('Moaz', 'Moaz Asiri', 'Influencer', 'Esports Influencers', 'Esports Influencers', 'Saudi Arabia', 'Tier 2', 6500.0, 5300.0, 0, 3400.0, 4050.0, 2500.0, 2500.0, 15950.0, 8200.0, 0, 0.3, 1.0, '5 platforms', 'https://x.com/mezostrong?s=21'),
  ('vacwep', 'Abdullah Mousa A Alsulaymi', 'Influencer', 'Esports Influencers', 'Esports Influencers', 'Saudi Arabia', 'Tier 3', 7450.0, 3150.0, 0, 5800.0, 2400.0, 1500.0, 1500.0, 7500.0, 4850.0, 0, 0.3, 1.0, '5 platforms', 'https://x.com/vacwep?s=21&t=PiVx0_LPZgUm0TT5Ok_2Zw'),
  ('Cellium', 'McArthur Jovel', 'Player', 'Call of Duty Black Ops 7', 'Riyadh Falcons', 'American', 'Tier 2', 11250.0, 4500.0, 0, 8000.0, 3500.0, 2000.0, 2000.0, 13500.0, 6075.0, 0, 0.3, 1.0, '3 platforms', 'https://twitter.com/Cellium'),
  ('Exnid', 'Saud Alati', 'Player', 'Call of Duty Black Ops 7', 'Riyadh Falcons', 'Saudi Arabia', 'Tier 2', 11000.0, 4600.0, 0, 8600.0, 3500.0, 2200.0, 2200.0, 15950.0, 7150.0, 0, 0.3, 1.0, '2 platforms', 'https://x.com/Exnid_'),
  ('KiSMET', 'Matthew Tinsley', 'Player', 'Call of Duty Black Ops 7', 'Riyadh Falcons', 'American', 'Tier 2', 12100.0, 5100.0, 0, 9450.0, 3850.0, 2400.0, 2400.0, 17550.0, 7850.0, 0, 0.3, 1.0, '3 platforms', 'https://twitter.com/KiSMET6_'),
  ('Pred', 'Amer Zulbeari', 'Player', 'Call of Duty Black Ops 7', 'Riyadh Falcons', 'American', 'Tier 2', 11000.0, 4600.0, 0, 8600.0, 3500.0, 2200.0, 2200.0, 15950.0, 7150.0, 0, 0.3, 1.0, '3 platforms', 'https://x.com/Pred'),
  ('KingAbody', 'Abdulelah Alrajhi', 'Player', 'Call of Duty Black Ops 7', 'FaZe Falcons', 'Saudi Arabia', 'Tier 2', 11000.0, 4600.0, 0, 8600.0, 3500.0, 2200.0, 2200.0, 15950.0, 7150.0, 0, 0.3, 1.0, '1 platform', 'https://x.com/KingAbody_'),
  ('Arcitys', 'Alec Sanderson', 'Player', 'Call of Duty Black Ops 7', 'Falcons Academy White', 'American', 'Tier 2', 12100.0, 5100.0, 0, 9450.0, 3850.0, 2400.0, 2400.0, 17550.0, 7850.0, 0, 0.3, 1.0, '3 platforms', 'https://x.com/Arcitys'),
  ('Paulehx', 'Paul Avila', 'Player', 'Call of Duty Black Ops 7', 'Falcons Academy White', 'American', 'Tier 2', 11000.0, 4600.0, 0, 8600.0, 3500.0, 2200.0, 2200.0, 15950.0, 7150.0, 0, 0.3, 1.0, '2 platforms', 'https://x.com/Paulehx_'),
  ('hmoodx', 'Mohammed Altowairqi', 'Player', 'Call of Duty Warzone', 'Team Falcons MENA', 'Saudi Arabia', 'Tier 2', 11000.0, 4600.0, 0, 8600.0, 3500.0, 2200.0, 2200.0, 15950.0, 7150.0, 0, 0.3, 1.0, '2 platforms', 'https://x.com/xihamoodx'),
  ('xizx7', 'Jawad Al-Thawab', 'Player', 'Call of Duty Warzone', 'Team Falcons MENA', 'Saudi Arabia', 'Tier 1', 12100.0, 5100.0, 0, 9450.0, 3850.0, 2400.0, 2400.0, 17550.0, 7850.0, 0, 0.3, 1.0, '4 platforms', 'https://x.com/Jawxd7'),
  ('Alpine', 'Alejandro Ayala', 'Manager', 'Call of Duty Warzone', 'Team Falcons', 'American', 'Tier 3', 22750.0, 9550.0, 0, 17750.0, 7300.0, 4550.0, 0.0, 33000.0, 14800.0, 0, 0.3, 1.0, '1 platform', 'https://x.com/alpinedadog?lang=en'),
  ('Newbz', 'Edy Juan', 'Player', 'Call of Duty Warzone', 'Team Falcons', 'American', 'Tier 3', 20700.0, 8700.0, 0, 16150.0, 6600.0, 4150.0, 4150.0, 30000.0, 13450.0, 0, 0.2, 1.0, '2 platforms', 'https://x.com/TBE_Newbzz'),
  ('Dongy', 'Christopher Ledbetter', 'Player', 'Call of Duty Warzone', 'Team Falcons', 'American', 'Tier 3', 6500.0, 2750.0, 0, 5050.0, 2100.0, 1300.0, 1300.0, 9400.0, 4200.0, 0, 0.2, 1.0, '2 platforms', 'https://x.com/zDongyy'),
  ('Soka', 'Kasimili Tonga Tongamoa', 'Player', 'Call of Duty Warzone', 'Team Falcons', 'Tongan', 'Tier 1', 6500.0, 2750.0, 0, 5050.0, 2100.0, 1300.0, 1300.0, 9400.0, 4200.0, 0, 0.2, 1.0, '5 platforms', 'https://twitter.com/HisokaT42'),
  ('Alireza Firouzja', 'Alireza Firouzja', 'Player', 'Chess', 'Chess', 'French/Iranian', 'Tier 1', 20700.0, 8700.0, 0, 16150.0, 6600.0, 4150.0, 4150.0, 30000.0, 13450.0, 0, 0.5, 1.0, '5 platforms', 'https://twitter.com/AlirezaFirouzja'),
  ('Hikaru Nakamura', 'Hikaru Nakamura', 'Player', 'Chess', 'Chess', 'American', 'Tier 1', 22500.0, 9450.0, 0, 17550.0, 7200.0, 4500.0, 4500.0, 32600.0, 14600.0, 0, 0.5, 1.0, '6 platforms', 'https://twitter.com/GMHikaru'),
  ('Jon Ellis', 'Jonathan Ellis', 'Manager', 'Chess', 'Chess', null, 'Tier 3', 22500.0, 9450.0, 0, 17550.0, 7200.0, 4500.0, 0.0, 32600.0, 14600.0, 0, 0.3, 1.0, '0 platforms', null),
  ('kyousuke', 'Maxim Lukin', 'Player', 'Counterstrike2', 'Team Falcons', 'Russian', 'Tier 1', 15000.0, 6750.0, 0, 11000.0, 5000.0, 3200.0, 3200.0, 19500.0, 8775.0, 0, 0.75, 1.0, '3 platforms', 'https://twitter.com/FLCkyousuke'),
  ('kyxsan', 'Damjan Stoilkovski', 'Player', 'Counterstrike2', 'Team Falcons', 'North Macedonia', 'Tier 1', 22500.0, 9450.0, 0, 17550.0, 7200.0, 4500.0, 4500.0, 32600.0, 14600.0, 0, 0.75, 1.0, '2 platforms', 'https://x.com/kyxsancs'),
  ('m0NESY', 'Ilya Osipov', 'Player', 'Counterstrike2', 'Team Falcons', 'Russian', 'Tier 1', 22500.0, 9450.0, 0, 17550.0, 7200.0, 4500.0, 4500.0, 32600.0, 14600.0, 0, 0.2, 1.0, '4 platforms', 'https://x.com/FLCm0NESY'),
  ('NiKo', 'Nikola Kovač', 'Player', 'Counterstrike2', 'Team Falcons', 'Bosnian', 'Tier 1', 22500.0, 9450.0, 0, 17550.0, 7200.0, 4500.0, 4500.0, 32600.0, 14600.0, 0, 0.3, 1.0, '5 platforms', 'https://x.com/NiKoCS_'),
  ('OMYA', 'Xavier Roussac', 'Manager', 'Counterstrike2', 'Team Falcons', 'French', 'Tier 3', 22500.0, 9450.0, 0, 17550.0, 7200.0, 4500.0, 0.0, 32600.0, 14600.0, 0, 0.3, 1.0, '1 platform', 'https://x.com/Xavier_Roussac'),
  ('TeSeS', 'René Madsen', 'Player', 'Counterstrike2', 'Team Falcons', 'Danish', 'Tier 2', 11250.0, 4500.0, 0, 8000.0, 3500.0, 2000.0, 2000.0, 13500.0, 6075.0, 0, 0.75, 1.0, '2 platforms', 'https://x.com/tesescs'),
  ('Aymeinstein', 'Aymen Bencheikh', 'Assistant Coach', 'Counterstrike2', 'Team Falcons', 'French', 'Tier 2', 11000.0, 4600.0, 0, 8600.0, 3500.0, 2200.0, 0.0, 15950.0, 7150.0, 0, 0.5, 1.0, '2 platforms', 'https://x.com/aymeinstein'),
  ('Zonic', 'Danny Sørensen', 'Head Coach', 'Counterstrike2', 'Team Falcons', 'Danish', 'Tier 1', 0.0, 0.0, 0, 0.0, 0.0, 0.0, 0.0, 0.0, 0.0, 0, 0.5, 1.0, '2 platforms', 'https://x.com/zonic'),
  ('clockzi', 'Oskar Led Blæsbjerg', 'Player', 'Counterstrike2', 'Falcons Force', 'Danish', 'Tier 3', 11000.0, 4600.0, 0, 8600.0, 3500.0, 2200.0, 2200.0, 15950.0, 7150.0, 0, 0.75, 1.0, '1 platform', 'https://x.com/flcclockzi'),
  ('grecu', 'Andrei Grecu', 'Player', 'Counterstrike2', 'Falcons Force', 'Romanian', 'Tier 2', 5200.0, 2200.0, 0, 4050.0, 1650.0, 1050.0, 1050.0, 7550.0, 3400.0, 0, 0.75, 1.0, '2 platforms', 'https://x.com/grecuflc'),
  ('VENO', 'Vladimir Stanković', 'Player', 'Counterstrike2', 'Falcons Force', 'Serbian', 'Tier 2', 12100.0, 5100.0, 0, 9450.0, 3850.0, 2400.0, 2400.0, 17550.0, 7850.0, 0, 0.75, 1.0, '3 platforms', 'https://x.com/venocs2'),
  ('NaToSaphiX', 'Niels Christian Sillassen', 'Head Coach', 'Counterstrike2', 'Falcons Force', 'Danish', 'Tier 2', 11000.0, 4600.0, 0, 8600.0, 3500.0, 2200.0, 0.0, 15950.0, 7150.0, 0, 0.2, 1.0, '5 platforms', 'https://x.com/NaToSaphiX'),
  ('Neoskai', 'Loïc Potages', 'Manager', 'Counterstrike2', 'Falcons Force', 'French', 'Tier 2', 0.0, 0.0, 0, 0.0, 0.0, 0.0, 0.0, 0.0, 0.0, 0, 0.2, 1.0, '2 platforms', 'https://x.com/Neoskai'),
  ('Nucleonz', 'Matej Trajkoski', 'Player', 'Counterstrike2', 'Falcons Force', 'North Macedonian', 'Tier 3', 8750.0, 3000.0, 0, 6000.0, 2500.0, 1200.0, 1200.0, 9000.0, 4050.0, 0, 0.75, 1.0, '1 platform', 'https://x.com/NucleonZz'),
  ('Skiter', 'Oliver Lepko', 'Player', 'Dota2', 'Dota2', 'Slovakia', 'Tier 2', 5200.0, 2200.0, 0, 4050.0, 1650.0, 1050.0, 1050.0, 7550.0, 3400.0, 0, 0.75, 1.0, '2 platforms', 'https://x.com/skiter'),
  ('Malr1ne', 'Stanislav Potorak', 'Player', 'Dota2', 'Dota2', 'Russian', 'Tier 2', 11000.0, 4600.0, 0, 8600.0, 3500.0, 2200.0, 2200.0, 15950.0, 7150.0, 0, 0.75, 1.0, '2 platforms', 'https://x.com/Malr1ne_'),
  ('ATF', 'Ammar Al-Assaf', 'Player', 'Dota2', 'Dota2', 'Jordanian', 'Tier 2', 11000.0, 4600.0, 0, 8600.0, 3500.0, 2200.0, 2200.0, 15950.0, 7150.0, 0, 0.75, 1.0, '2 platforms', 'https://x.com/AmmarAlassaf6'),
  ('Cr1t-', 'Andreas Nielsen', 'Player', 'Dota2', 'Dota2', 'Danish', 'Tier 1', 12100.0, 5100.0, 0, 9450.0, 3850.0, 2400.0, 2400.0, 17550.0, 7850.0, 0, 0.75, 1.0, '3 platforms', 'https://x.com/Cr1tdota'),
  ('Sneyking', 'Jingjun Wu', 'Player', 'Dota2', 'Dota2', 'American / Chinese', 'Tier 2', 20700.0, 8700.0, 0, 16150.0, 6600.0, 4150.0, 4150.0, 30000.0, 13450.0, 0, 0.75, 1.0, '2 platforms', 'https://x.com/SneykingGaming'),
  ('Aui_2000', 'Kurtis Ling', 'Head Coach', 'Dota2', 'Dota2', 'Canada', 'Tier 2', 11000.0, 4600.0, 0, 8600.0, 3500.0, 2200.0, 0.0, 15950.0, 7150.0, 0, 0.75, 1.0, '2 platforms', 'https://x.com/Aui_2000'),
  ('AfromOush', 'Mohammad Abu Al Eis', 'Manager', 'Dota2', 'Dota2', 'Jordanian', 'Tier 2', 0.0, 0.0, 0, 0.0, 0.0, 0.0, 0.0, 0.0, 0.0, 0, 0.5, 1.0, '3 platforms', 'https://x.com/AfrOmoush'),
  ('Bonkers', 'Allen Cook', 'Analyst', 'Dota2', 'Dota2', 'British', 'Tier 3', 0.0, 0.0, 0, 0.0, 0.0, 0.0, 0.0, 0.0, 0.0, 0, 0.5, 1.0, '1 platform', 'https://x.com/thisisallencook'),
  ('GoatMoh', 'Mohammed Alarfaj', 'Player', 'EAFC25', 'EA Sport FC', 'Saudi Arabia', 'Tier 2', 11250.0, 4500.0, 0, 8000.0, 3500.0, 2000.0, 2000.0, 13500.0, 6075.0, 0, 0.3, 1.0, '2 platforms', 'https://x.com/GoatMoh_'),
  ('Hafez', 'Mohammad Hafiz', 'Coach', 'EAFC25', 'EA Sport FC', 'Saudi Arabia', 'Tier 3', 12100.0, 5100.0, 0, 9450.0, 3850.0, 2400.0, 0.0, 17550.0, 7850.0, 0, 0.3, 1.0, '1 platform', 'https://x.com/_Hafez10'),
  ('Javivillar7', 'Javier Villar Gómez', 'Coach', 'EAFC25', 'EA Sport FC', 'Spanish', 'Tier 1', 0.0, 0.0, 0, 0.0, 0.0, 0.0, 0.0, 0.0, 0.0, 0, 0.3, 1.0, '4 platforms', 'https://x.com/Javivillar7'),
  ('Msdossary', 'Mossad Aldossary', 'Player', 'EAFC25', 'EA Sport FC', 'Saudi Arabia', 'Tier 2', 11250.0, 4500.0, 0, 8000.0, 3500.0, 2000.0, 2000.0, 13500.0, 6075.0, 0, 0.3, 1.0, '1 platform', 'https://x.com/msdossary7'),
  ('Vejrgang', 'Anders Vejrgang', 'Player', 'EAFC25', 'EA Sport FC', 'Danish', 'Tier 1', 12100.0, 5100.0, 0, 9450.0, 3850.0, 2400.0, 2400.0, 17550.0, 7850.0, 0, 0.3, 1.0, '4 platforms', 'https://twitter.com/FLC_Vejrgang'),
  ('A9', 'Aseel Aldokheel', 'Manager', 'EAFC25', 'EA Sport FC', 'Saudi Arabia', 'Tier 3', 20700.0, 8700.0, 0, 16150.0, 6600.0, 4150.0, 0.0, 30000.0, 13450.0, 0, 0.3, 1.0, '0 platforms', null),
  ('Kiimo7', 'Abdulkareem Bamogaddam', 'Player', 'EAFC25', 'EA Sport FC', 'Saudi Arabia', 'Tier 2', 11250.0, 4500.0, 0, 8000.0, 3500.0, 2000.0, 2000.0, 13500.0, 6075.0, 0, 0.3, 1.0, '2 platforms', 'https://x.com/kiimo__1'),
  ('Rashed', 'Rashed Aldmaikhi', 'Manager', 'Fortnite', 'Fortnite', 'Saudi', 'Tier 3', 12100.0, 5100.0, 0, 9450.0, 3850.0, 2400.0, 0.0, 17550.0, 7850.0, 0, 0.3, 1.0, '0 platforms', null),
  ('Abu Omar', 'Wesam Alghamdi', 'Player', 'Fatal Fury', 'Fatal Fury', 'Saudi', 'Tier 3', 8750.0, 3000.0, 0, 6000.0, 2500.0, 1200.0, 1200.0, 9000.0, 4050.0, 0, 0.3, 1.0, '1 platform', 'https://x.com/wess21111?lang=en'),
  ('E.T.', 'Lin Chia-hung', 'Player', 'Fatal Fury', 'Fatal Fury', 'Taiwan', 'Tier 2', 5700.0, 2400.0, 0, 4450.0, 1850.0, 1150.0, 1150.0, 8300.0, 3700.0, 0, 0.1, 1.0, '3 platforms', 'https://x.com/et1120'),
  ('Ghirlanda', 'Joshua Bianchi', 'Manager', 'Fatal Fury', 'Fatal Fury', 'Italian', 'Tier 3', 11000.0, 4600.0, 0, 8600.0, 3500.0, 2200.0, 0.0, 15950.0, 7150.0, 0, 0.5, 1.0, '1 platform', 'https://x.com/ghirlandatekken'),
  ('Kindevu', 'Yosuke Ito', 'Player', 'Fatal Fury', 'Fatal Fury', 'Japanese', 'Tier 2', 11250.0, 4500.0, 0, 8000.0, 3500.0, 2000.0, 2000.0, 13500.0, 6075.0, 0, 0.75, 1.0, '3 platforms', 'https://x.com/kindevu'),
  ('mok', 'Hiroaki Hashizume', 'Player', 'Fatal Fury', 'Fatal Fury', 'Japan', 'Tier 2', 11000.0, 4600.0, 0, 8600.0, 3500.0, 2200.0, 2200.0, 15950.0, 7150.0, 0, 0.75, 1.0, '2 platforms', 'https://twitter.com/andytheworld320'),
  ('Sai', 'Ali Abdullah Alduhaysh', 'Player', 'Fatal Fury', 'Fatal Fury', 'Saudi', 'Tier 3', 11000.0, 4600.0, 0, 8600.0, 3500.0, 2200.0, 2200.0, 15950.0, 7150.0, 0, 0.3, 1.0, '1 platform', 'https://x.com/Zenga83'),
  ('Shadow X', 'Abraham Sanchez', 'Player', 'Fatal Fury', 'Fatal Fury', 'Mexican', 'Tier 2', 5700.0, 2400.0, 0, 4450.0, 1850.0, 1150.0, 1150.0, 8300.0, 3700.0, 0, 0.75, 1.0, '2 platforms', 'https://x.com/ShadowX_FGC'),
  ('Tamago', 'Ángel Chong', 'Player', 'Fatal Fury', 'Fatal Fury', 'Mexican', 'Tier 3', 11000.0, 4600.0, 0, 8600.0, 3500.0, 2200.0, 2200.0, 15950.0, 7150.0, 0, 0.75, 1.0, '1 platform', 'https://x.com/ChonFx'),
  ('Xyzzy', 'Lee Hanbyul', 'Player', 'Fatal Fury', 'Fatal Fury', 'South Korean', 'Tier 2', 5200.0, 2200.0, 0, 4050.0, 1650.0, 1050.0, 1050.0, 7550.0, 3400.0, 0, 0.75, 1.0, '2 platforms', 'https://x.com/xyzzylshift'),
  ('Xiaohai', 'Zeng Zhuojun', 'Player', 'Fatal Fury', 'Fatal Fury', 'China', 'Tier 3', 11000.0, 4600.0, 0, 8600.0, 3500.0, 2200.0, 2200.0, 15950.0, 7150.0, 0, 0.1, 1.0, '1 platform', 'https://x.com/Xiaohai_'),
  ('Peterbot', 'Peter Kata', 'Player', 'Fortnite', 'Fortnite', 'American/Hungarian', 'Tier 2', 11000.0, 4600.0, 0, 8600.0, 3500.0, 2200.0, 2200.0, 15950.0, 7150.0, 0, 0.5, 1.0, '3 platforms', 'https://x.com/PeterbotFN'),
  ('FHD', 'Fahad Almutairi', 'Player', 'Fortnite', 'Fortnite', 'Saudi', 'Tier 2', 11000.0, 4600.0, 0, 8600.0, 3500.0, 2200.0, 2200.0, 15950.0, 7150.0, 0, 0.3, 1.0, '3 platforms', 'https://x.com/Fahadclipz'),
  ('Gntl', 'Abdullah Albaqami', 'Player', 'Call of Duty Black Ops 7', 'FaZe Falcons', 'Saudi', 'Tier 3', 12100.0, 5100.0, 0, 9450.0, 3850.0, 2400.0, 2400.0, 17550.0, 7850.0, 0, 0.3, 1.0, '4 platforms', 'https://x.com/g1ntl'),
  ('NM7', 'Nawaf Alharthi', 'Player', 'Fortnite', 'Fortnite', 'Saudi', 'Tier 3', 5700.0, 2400.0, 0, 4450.0, 1850.0, 1150.0, 1150.0, 8300.0, 3700.0, 0, 0.3, 1.0, '4 platforms', 'https://x.com/iNm7x'),
  ('Spy', 'Osama Almasad', 'Player', 'Fortnite', 'Fortnite', 'Saudi', 'Tier 3', 5700.0, 2400.0, 0, 4450.0, 1850.0, 1150.0, 1150.0, 8300.0, 3700.0, 0, 0.3, 1.0, '4 platforms', 'https://x.com/spyerfrog'),
  ('Yonx', 'Faisal Almusharraf', 'Player', 'Fortnite', 'Fortnite', 'Saudi', 'Tier 3', 5700.0, 2400.0, 0, 4450.0, 1850.0, 1150.0, 1150.0, 8300.0, 3700.0, 0, 0.3, 1.0, '3 platforms', 'https://x.com/YonxFN'),
  ('Matteo', 'Matteo Paganin', 'Manager', 'Fortnite', 'Fortnite', 'French', 'Tier 3', 0.0, 0.0, 0, 0.0, 0.0, 0.0, 0.0, 0.0, 0.0, 0, 0.3, 1.0, '0 platforms', null),
  ('Conan', 'Tana Kamruang', 'Head Coach', 'Free Fire', 'Team Falcons', 'Thailand', 'Tier 2', 0.0, 0.0, 0, 0.0, 0.0, 0.0, 0.0, 0.0, 0.0, 0, 0.3, 1.0, '2 platforms', null),
  ('KERORO', 'Natthaphong Phuangpriang', 'Player', 'Free Fire', 'Team Falcons', 'Thailand', 'Tier 2', 11250.0, 4500.0, 0, 8000.0, 3500.0, 2000.0, 2000.0, 13500.0, 6075.0, 0, 0.3, 1.0, '2 platforms', null),
  ('LIMIT', 'Rachata Wanaphurksasilp', 'Player', 'Free Fire', 'Team Falcons', 'Thailand', 'Tier 2', 11000.0, 4600.0, 0, 8600.0, 3500.0, 2200.0, 2200.0, 15950.0, 7150.0, 0, 0.3, 1.0, '3 platforms', null),
  ('ONEMORE', 'Rattapoom Sunthalunai', 'Player', 'Free Fire', 'Team Falcons', 'Thailand', 'Tier 2', 11000.0, 4600.0, 0, 8600.0, 3500.0, 2200.0, 2200.0, 15950.0, 7150.0, 0, 0.3, 1.0, '3 platforms', null),
  ('ONFIRE', 'Phulipat Yosit', 'Player', 'Free Fire', 'Team Falcons', 'Thailand', 'Tier 2', 11000.0, 4600.0, 0, 8600.0, 3500.0, 2200.0, 2200.0, 15950.0, 7150.0, 0, 0.3, 1.0, '3 platforms', null),
  ('Penna', 'Natthawut Srinaknil', 'Player', 'Free Fire', 'Team Falcons', 'Thailand', 'Tier 2', 11000.0, 4600.0, 0, 8600.0, 3500.0, 2200.0, 2200.0, 15950.0, 7150.0, 0, 0.3, 1.0, '2 platforms', null),
  ('PROTETO', 'Ratchata Soonklang', 'Player', 'Free Fire', 'Team Falcons', 'Thailand', 'Tier 2', 11000.0, 4600.0, 0, 8600.0, 3500.0, 2200.0, 2200.0, 15950.0, 7150.0, 0, 0.3, 1.0, '2 platforms', null),
  ('SAINOI', 'Worrawan Kasikarn', 'Manager', 'Free Fire', 'Team Falcons', 'Thailand', 'Tier 3', 11000.0, 4600.0, 0, 8600.0, 3500.0, 2200.0, 0.0, 15950.0, 7150.0, 0, 0.3, 1.0, '0 platforms', null),
  ('Jose Serrano', 'Jose Serrano', 'Player', 'Gran Turismo', 'Gran Turismo', 'Spanish', 'Tier 2', 11250.0, 4500.0, 0, 8000.0, 3500.0, 2000.0, 2000.0, 13500.0, 6075.0, 0, 0.75, 1.0, '3 platforms', 'https://x.com/JoseSerrano_16'),
  ('Naif Alfaleh', 'Naif Alfaleh', 'Player', 'Gran Turismo', 'Gran Turismo', 'Saudi', 'Tier 2', 11000.0, 4600.0, 0, 8600.0, 3500.0, 2200.0, 2200.0, 15950.0, 7150.0, 0, 0.3, 1.0, '2 platforms', 'https://x.com/Falcon_Naifx'),
  ('Pol Urra', 'Pol Urra', 'Player', 'Gran Turismo', 'Gran Turismo', 'Spanish', 'Tier 2', 12100.0, 5100.0, 0, 9450.0, 3850.0, 2400.0, 2400.0, 17550.0, 7850.0, 0, 0.75, 1.0, '2 platforms', 'https://x.com/polurra'),
  ('Wesam Khalil', 'Wesam Khalil', 'Player', 'Gran Turismo', 'Gran Turismo', 'Saudi', 'Tier 2', 11000.0, 4600.0, 0, 8600.0, 3500.0, 2200.0, 2200.0, 15950.0, 7150.0, 0, 0.3, 1.0, '2 platforms', 'https://x.com/Falcon_Wesam'),
  ('Skwal', 'Nicolas Sautron', 'Manager', 'Gran Turismo', 'Gran Turismo', 'French', 'Tier 2', 12100.0, 5100.0, 0, 9450.0, 3850.0, 2400.0, 0.0, 17550.0, 7850.0, 0, 0.3, 1.0, '2 platforms', 'https://x.com/SkwalGG'),
  ('Boyet', 'Bien Salvador C Chumacera', 'Player', 'Mobile Legends Bang Bang', 'Team Falcons MENA', 'Philippines', 'Tier 3', 8750.0, 3000.0, 0, 6000.0, 2500.0, 1200.0, 1200.0, 9000.0, 4050.0, 0, 0.3, 1.0, '1 platform', null),
  ('Cuffin', 'Muath saad alquraini', 'Player', 'Mobile Legends Bang Bang', 'Team Falcons MENA', 'Saudi Arabia', 'Tier 3', 5200.0, 2200.0, 0, 4050.0, 1650.0, 1050.0, 1050.0, 7550.0, 3400.0, 0, 0.3, 1.0, '1 platform', null),
  ('Kakashi', 'AMR WAFED YASSIN', 'Manager', 'Mobile Legends Bang Bang', 'Team Falcons MENA', 'Egypt', 'Tier 3', 5700.0, 2400.0, 0, 4450.0, 1850.0, 1150.0, 0.0, 8300.0, 3700.0, 0, 0.3, 1.0, '1 platform', null),
  ('Kakashi', 'AMR WAFED YASSIN', 'Manager', 'Mobile Legends Bang Bang', 'Falcons Vega MENA', 'Egypt', 'Tier 3', 0.0, 0.0, 0, 0.0, 0.0, 0.0, 0.0, 0.0, 0.0, 0, 0.3, 1.0, '1 platform', null),
  ('Saano', 'SULAIMAN MUSALLAM ALRASHDI', 'Player', 'Mobile Legends Bang Bang', 'Team Falcons MENA', 'Saudi Arabia', 'Tier 3', 8750.0, 3000.0, 0, 6000.0, 2500.0, 1200.0, 1200.0, 9000.0, 4050.0, 0, 0.3, 1.0, '0 platforms', null),
  ('Sanji', 'Ayman Othman Alqarni', 'Player', 'Mobile Legends Bang Bang', 'Team Falcons MENA', 'Saudi Arabia', 'Tier 3', 5700.0, 2400.0, 0, 4450.0, 1850.0, 1150.0, 1150.0, 8300.0, 3700.0, 0, 0.3, 1.0, '1 platform', null),
  ('Tarzaan', 'Mohammed Ayman Kharabah', 'Player', 'Mobile Legends Bang Bang', 'Team Falcons MENA', 'Saudi Arabia', 'Tier 3', 5700.0, 2400.0, 0, 4450.0, 1850.0, 1150.0, 1150.0, 8300.0, 3700.0, 0, 0.3, 1.0, '0 platforms', null),
  ('Troll', 'Moayed ayman kharaba', 'Player', 'Mobile Legends Bang Bang', 'Team Falcons MENA', 'Saudi Arabia', 'Tier 3', 5700.0, 2400.0, 0, 4450.0, 1850.0, 1150.0, 1150.0, 8300.0, 3700.0, 0, 0.3, 1.0, '0 platforms', null),
  ('Owgwen', 'Rowgien Stimpson Unigo', 'Player', 'Mobile Legends Bang Bang', 'Team Falcons PH', 'Philippines', 'Tier 1', 11000.0, 4600.0, 0, 8600.0, 3500.0, 2200.0, 2200.0, 15950.0, 7150.0, 0, 0.3, 1.0, '4 platforms', 'https://twitter.com/Ogiiiieeen'),
  ('Super Marco', 'Marco Stephen Requitiano', 'Player', 'Mobile Legends Bang Bang', 'Team Falcons PH', 'Philippines', 'Tier 2', 18000.0, 7550.0, 0, 14050.0, 5750.0, 3600.0, 3600.0, 26100.0, 11700.0, 0, 0.3, 1.0, '3 platforms', null),
  ('Hadji', 'Salic Imam', 'Player', 'Mobile Legends Bang Bang', 'Team Falcons PH', 'Philippines', 'Tier 2', 11000.0, 4600.0, 0, 8600.0, 3500.0, 2200.0, 2200.0, 15950.0, 7150.0, 0, 0.3, 1.0, '3 platforms', null),
  ('Moody', 'Mohammad Samal', 'Assistant Coach', 'Mobile Legends Bang Bang', 'Team Falcons PH', 'Philippines', 'Tier 2', 0.0, 0.0, 0, 0.0, 0.0, 0.0, 0.0, 0.0, 0.0, 0, 0.3, 1.0, '3 platforms', null),
  ('VR3N', 'Vrendon Pesebre', 'Analyst', 'Mobile Legends Bang Bang', 'Team Falcons PH', 'Philippines', 'Tier 2', 0.0, 0.0, 0, 0.0, 0.0, 0.0, 0.0, 0.0, 0.0, 0, 0.3, 1.0, '3 platforms', null),
  ('Fvvn', 'Alaa Ayman Ebrahim Ebrahim Galous', 'Player', 'Mobile Legends Bang Bang', 'Falcons Vega MENA', 'Egypt', 'Tier 3', 8750.0, 3000.0, 0, 6000.0, 2500.0, 1200.0, 1200.0, 9000.0, 4050.0, 0, 0.3, 1.0, '1 platform', null),
  ('Koba', 'MOHMMED MHMOUD MOHMMED TELEB', 'Head Coach', 'Mobile Legends Bang Bang', 'Falcons Vega MENA', 'Egypt', 'Tier 3', 5700.0, 2400.0, 0, 4450.0, 1850.0, 1150.0, 0.0, 8300.0, 3700.0, 0, 0.3, 1.0, '1 platform', null),
  ('Names', 'Asmaa Raafat Mohamed Aassan Thabet', 'Player', 'Mobile Legends Bang Bang', 'Falcons Vega MENA', 'Egypt', 'Tier 2', 11250.0, 4500.0, 0, 8000.0, 3500.0, 2000.0, 2000.0, 13500.0, 6075.0, 0, 0.3, 1.0, '2 platforms', null),
  ('Nucci', 'Nourhan Shaker Saber', 'Player', 'Mobile Legends Bang Bang', 'Falcons Vega MENA', 'Egypt', 'Tier 3', 12100.0, 5100.0, 0, 9450.0, 3850.0, 2400.0, 2400.0, 17550.0, 7850.0, 0, 0.3, 1.0, '1 platform', null),
  ('Nana', 'Nagham Khaled Abouelseoud Emam', 'Player', 'Mobile Legends Bang Bang', 'Falcons Vega MENA', 'Egypt', 'Tier 3', 5700.0, 2400.0, 0, 4450.0, 1850.0, 1150.0, 1150.0, 8300.0, 3700.0, 0, 0.3, 1.0, '0 platforms', null),
  ('Velvet', 'Hadeel AbdelNasser Mahmoud Abouelftouh', 'Player', 'Mobile Legends Bang Bang', 'Falcons Vega MENA', 'Egypt', 'Tier 3', 5700.0, 2400.0, 0, 4450.0, 1850.0, 1150.0, 1150.0, 8300.0, 3700.0, 0, 0.3, 1.0, '1 platform', null),
  ('Violet', 'Fajria Noviana Nur', 'Player', 'Mobile Legends Bang Bang', 'Falcons Vega ID', 'Indonesian', 'Tier 2', 5700.0, 2400.0, 0, 4450.0, 1850.0, 1150.0, 1150.0, 8300.0, 3700.0, 0, 0.3, 1.0, '3 platforms', null),
  ('Xev', 'Xeviola Maureen', 'Player', 'Mobile Legends Bang Bang', 'Falcons Vega ID', 'Indonesian', 'Tier 2', 11000.0, 4600.0, 0, 8600.0, 3500.0, 2200.0, 2200.0, 15950.0, 7150.0, 0, 0.3, 1.0, '2 platforms', null),
  ('Livii', 'Livia Lemmuela Putri', 'Player', 'Mobile Legends Bang Bang', 'Falcons Vega ID', 'Indonesian', 'Tier 2', 11000.0, 4600.0, 0, 8600.0, 3500.0, 2200.0, 2200.0, 15950.0, 7150.0, 0, 0.3, 1.0, '3 platforms', null),
  ('LIV', 'Olivia Benita Wijaya', 'Player', 'Mobile Legends Bang Bang', 'Falcons Vega ID', 'Indonesian', 'Tier 2', 11000.0, 4600.0, 0, 8600.0, 3500.0, 2200.0, 2200.0, 15950.0, 7150.0, 0, 0.3, 1.0, '2 platforms', null),
  ('REMUNDO', 'Nadiya Bahktita', 'Player', 'Mobile Legends Bang Bang', 'Falcons Vega ID', 'Indonesian', 'Tier 2', 11000.0, 4600.0, 0, 8600.0, 3500.0, 2200.0, 2200.0, 15950.0, 7150.0, 0, 0.3, 1.0, '3 platforms', null),
  ('Agatha', 'Angelia Agatha', 'Player', 'Mobile Legends Bang Bang', 'Falcons Vega ID', 'Indonesian', 'Tier 2', 11000.0, 4600.0, 0, 8600.0, 3500.0, 2200.0, 2200.0, 15950.0, 7150.0, 0, 0.3, 1.0, '2 platforms', null),
  ('Luckyboi', 'Aulia Eka Achyunda Putra', 'Head Coach', 'Mobile Legends Bang Bang', 'Falcons Vega ID', 'Indonesian', 'Tier 2', 11000.0, 4600.0, 0, 8600.0, 3500.0, 2200.0, 0.0, 15950.0, 7150.0, 0, 0.3, 1.0, '2 platforms', null),
  ('Mozia', 'Aditya Kusuma Putra', 'Analyst', 'Mobile Legends Bang Bang', 'Falcons Vega ID', 'Indonesian', 'Tier 2', 0.0, 0.0, 0, 0.0, 0.0, 0.0, 0.0, 0.0, 0.0, 0, 0.3, 1.0, '3 platforms', null),
  ('Ren', 'Daren Paul Vitug', 'Manager', 'Mobile Legends Bang Bang', 'Team Falcons PH', 'Philippines', 'Tier 3', 0.0, 0.0, 0, 0.0, 0.0, 0.0, 0.0, 0.0, 0.0, 0, 0.3, 1.0, '0 platforms', null),
  ('fantasea', 'Isfan Satria Wijaya', 'Manager', 'Mobile Legends Bang Bang', 'Falcons Vega ID', 'Indonesian', 'Tier 1', 0.0, 0.0, 0, 0.0, 0.0, 0.0, 0.0, 0.0, 0.0, 0, 0.3, 1.0, '5 platforms', 'https://x.com/isfantasea'),
  ('ChiYo', 'HyunSeok Han', 'Player', 'Overwatch2', 'Team Falcons', 'South Korean', 'Tier 2', 11250.0, 4500.0, 0, 8000.0, 3500.0, 2000.0, 2000.0, 13500.0, 6075.0, 0, 0.75, 1.0, '2 platforms', 'https://twitter.com/ChiYo_ow1'),
  ('Fielder', 'Joon Kwon', 'Player', 'Overwatch2', 'Team Falcons', 'South Korean', 'Tier 2', 11000.0, 4600.0, 0, 8600.0, 3500.0, 2200.0, 2200.0, 15950.0, 7150.0, 0, 0.75, 1.0, '3 platforms', 'https://twitter.com/fielder_ow'),
  ('Hanbin', 'HanBin Choi', 'Player', 'Overwatch2', 'Team Falcons', 'South Korean', 'Tier 2', 11000.0, 4600.0, 0, 8600.0, 3500.0, 2200.0, 2200.0, 15950.0, 7150.0, 0, 0.75, 1.0, '2 platforms', 'https://twitter.com/HanBin_OW'),
  ('Levi', 'Chunghyeok Jeong', 'Manager', 'Overwatch2', 'Team Falcons', 'South Korean', 'Tier 2', 11000.0, 4600.0, 0, 8600.0, 3500.0, 2200.0, 0.0, 15950.0, 7150.0, 0, 0.3, 1.0, '2 platforms', 'https://x.com/OW_Levi'),
  ('MER1T', 'Choi Taemin', 'Player', 'Overwatch2', 'Team Falcons', 'South Korean', 'Tier 2', 11250.0, 4500.0, 0, 8000.0, 3500.0, 2000.0, 2000.0, 13500.0, 6075.0, 0, 0.75, 1.0, '3 platforms', 'https://x.com/MER1T_ow'),
  ('NineK', 'BumHoon Kim', 'Head Coach', 'Overwatch2', 'Team Falcons', 'South Korean', 'Tier 2', 11000.0, 4600.0, 0, 8600.0, 3500.0, 2200.0, 0.0, 15950.0, 7150.0, 0, 0.3, 1.0, '2 platforms', 'https://twitter.com/NineK_OW'),
  ('SOMEONE', 'Ham Jeongwan', 'Player', 'Overwatch2', 'Team Falcons', 'South Korean', 'Tier 2', 22750.0, 9550.0, 0, 17750.0, 7300.0, 4550.0, 4550.0, 33000.0, 14800.0, 0, 0.75, 1.0, '3 platforms', 'https://x.com/someone0424'),
  ('SP9RK1E', 'Yeonghan Kim', 'Coach', 'Overwatch2', 'Team Falcons', 'South Korean', 'Tier 1', 11000.0, 4600.0, 0, 8600.0, 3500.0, 2200.0, 0.0, 15950.0, 7150.0, 0, 0.3, 1.0, '4 platforms', 'https://twitter.com/SP9RK1E_OW'),
  ('Gunner', 'Owen Andrew Monahan', 'Head Coach', 'PUBG', 'Team Falcons', 'American', 'Tier 2', 11000.0, 4600.0, 0, 8600.0, 3500.0, 2200.0, 0.0, 15950.0, 7150.0, 0, 0.3, 1.0, '3 platforms', 'https://x.com/Owenusmc21'),
  ('hwinn', 'Hunter Maurice Winn', 'Player', 'PUBG', 'Team Falcons', 'American', 'Tier 1', 15000.0, 6750.0, 0, 11000.0, 5000.0, 3200.0, 3200.0, 19500.0, 8775.0, 0, 0.3, 1.0, '4 platforms', 'https://twitter.com/hwinnfps'),
  ('Kickstart', 'Robert Matthew Smith Jr', 'Player', 'PUBG', 'Team Falcons', 'American', 'Tier 1', 20700.0, 8700.0, 0, 16150.0, 6600.0, 4150.0, 4150.0, 30000.0, 13450.0, 0, 0.3, 1.0, '4 platforms', 'https://twitter.com/KSnKickstart'),
  ('Shrimzy', 'Tristan John Nowicki', 'Player', 'PUBG', 'Team Falcons', 'American', 'Tier 1', 20700.0, 8700.0, 0, 16150.0, 6600.0, 4150.0, 4150.0, 30000.0, 13450.0, 0, 0.3, 1.0, '4 platforms', 'https://twitter.com/ShrimzyPUBg'),
  ('TGLTN', 'James Sebastian Giezen', 'Player', 'PUBG', 'Team Falcons', 'Australian', 'Tier 1', 20700.0, 8700.0, 0, 16150.0, 6600.0, 4150.0, 4150.0, 30000.0, 13450.0, 0, 0.3, 1.0, '5 platforms', 'https://twitter.com/tgltnPUBG'),
  ('BriD', 'Loïc Chongthep', 'Player', 'Rainbow Six Siege', 'Team Falcons', 'French', 'Tier 2', 20700.0, 8700.0, 0, 16150.0, 6600.0, 4150.0, 4150.0, 30000.0, 13450.0, 0, 0.75, 1.0, '3 platforms', 'https://twitter.com/BriDR6S'),
  ('eaglemees', 'Mees van der Arend', 'Analyst', 'Rainbow Six Siege', 'Team Falcons', 'Nethelands', 'Tier 3', 11000.0, 4600.0, 0, 8600.0, 3500.0, 2200.0, 0.0, 15950.0, 7150.0, 0, 0.75, 1.0, '1 platform', 'https://x.com/eaglemees'),
  ('Frenchi', 'Paul Droal', 'Manager', 'Rainbow Six Siege', 'Team Falcons', 'French', 'Tier 1', 0.0, 0.0, 0, 0.0, 0.0, 0.0, 0.0, 0.0, 0.0, 0, 0.5, 1.0, '0 platforms', null),
  ('Julio', 'Julio Giacomelli', 'Coach', 'Rainbow Six Siege', 'Team Falcons', 'Brasilian', 'Tier 2', 0.0, 0.0, 0, 0.0, 0.0, 0.0, 0.0, 0.0, 0.0, 0, 0.75, 1.0, '3 platforms', 'https://twitter.com/JULIOAKAJULIO1'),
  ('LikEfac', 'Théo Mariano', 'Player', 'Rainbow Six Siege', 'Team Falcons', 'French', 'Tier 2', 11250.0, 4500.0, 0, 8000.0, 3500.0, 2000.0, 2000.0, 13500.0, 6075.0, 0, 0.75, 1.0, '3 platforms', 'https://twitter.com/LikEfacR6S'),
  ('Solotov', 'Fatih Türker', 'Player', 'Rainbow Six Siege', 'Team Falcons', 'Turkish', 'Tier 2', 20700.0, 8700.0, 0, 16150.0, 6600.0, 4150.0, 4150.0, 30000.0, 13450.0, 0, 0.75, 1.0, '1 platform', 'https://twitter.com/SolotovR6'),
  ('Stooflex', 'Samy Smail', 'Head Coach', 'Rainbow Six Siege', 'Team Falcons', 'French', 'Tier 2', 11000.0, 4600.0, 0, 8600.0, 3500.0, 2200.0, 0.0, 15950.0, 7150.0, 0, 0.75, 1.0, '1 platform', 'https://twitter.com/stooflex'),
  ('Yuzus', 'Joshua Pritchard', 'Player', 'Rainbow Six Siege', 'Team Falcons', 'British', 'Tier 1', 15000.0, 6750.0, 0, 11000.0, 5000.0, 3200.0, 3200.0, 19500.0, 8775.0, 0, 0.75, 1.0, '4 platforms', 'https://twitter.com/Yuzus_'),
  ('Frenchi', 'Paul Droal', 'Manager', 'Rainbow Six Siege', 'Team Falcons', 'French', 'Tier 3', 20700.0, 8700.0, 0, 16150.0, 6600.0, 4150.0, 0.0, 30000.0, 13450.0, 0, 0.5, 1.0, '0 platforms', null),
  ('Azzam', 'Azzam Al-Jabr', 'Manager', 'Rocket League', 'Team Falcons', 'Saudi Arabia', 'Tier 3', 0.0, 0.0, 0, 0.0, 0.0, 0.0, 0.0, 0.0, 0.0, 0, 0.3, 1.0, '1 platform', 'https://twitter.com/AzzamAljabr'),
  ('d7oom24', 'Abdulrahman Bin Fayez', 'Head Coach', 'Rocket League', 'Team Falcons', 'Saudi Arabia', 'Tier 2', 0.0, 0.0, 0, 0.0, 0.0, 0.0, 0.0, 0.0, 0.0, 0, 0.3, 1.0, '1 platform', 'https://x.com/id7oom_24'),
  ('dralii', 'Samy Hajji', 'Player', 'Rocket League', 'Team Falcons', 'Morrocan / Canadian', 'Tier 2', 11250.0, 4500.0, 0, 8000.0, 3500.0, 2000.0, 2000.0, 13500.0, 6075.0, 0, 0.3, 1.0, '2 platforms', 'https://twitter.com/dralii897'),
  ('Kiileerrz', 'Yazeed Bakhashwin', 'Player', 'Rocket League', 'Team Falcons', 'Saudi Arabia', 'Tier 2', 11000.0, 4600.0, 0, 8600.0, 3500.0, 2200.0, 2200.0, 15950.0, 7150.0, 0, 0.3, 1.0, '2 platforms', 'https://x.com/kiileerrz'),
  ('Rw9', 'Saleh Bakhashwin', 'Player', 'Rocket League', 'Team Falcons', 'Saudi Arabia', 'Tier 2', 12100.0, 5100.0, 0, 9450.0, 3850.0, 2400.0, 2400.0, 17550.0, 7850.0, 0, 0.3, 1.0, '2 platforms', 'https://x.com/Rw9_RL'),
  ('Bunny', 'JaeSun Lee', 'Player', 'Starcraft 2', 'Starcraft 2', 'South Korea', 'Tier 2', 12100.0, 5100.0, 0, 9450.0, 3850.0, 2400.0, 2400.0, 17550.0, 7850.0, 0, 0.3, 1.0, '2 platforms', 'https://x.com/KOR_Bunny'),
  ('Rogue', 'ByeongYeol Lee', 'Player', 'Starcraft 2', 'Starcraft 2', 'South Korea', 'Tier 3', 11000.0, 4600.0, 0, 8600.0, 3500.0, 2200.0, 2200.0, 15950.0, 7150.0, 0, 0.3, 1.0, '1 platform', null),
  ('Solar', 'Kang Minsoo', 'Player', 'Starcraft 2', 'Starcraft 2', 'South Korea', 'Tier 2', 5200.0, 2200.0, 0, 4050.0, 1650.0, 1050.0, 1050.0, 7550.0, 3400.0, 0, 0.3, 1.0, '3 platforms', 'https://x.com/SC2_Solar'),
  ('Craime', 'Jaime Bustos', 'Player', 'Street Fighter', 'Street Fighter', 'Chilean', 'Tier 3', 11000.0, 4600.0, 0, 8600.0, 3500.0, 2200.0, 2200.0, 15950.0, 7150.0, 0, 0.75, 1.0, '1 platform', 'https://x.com/CraimeCL'),
  ('Kusanagi', 'Maivine Touiti', 'Player', 'Street Fighter', 'Street Fighter', 'French', 'Tier 2', 5200.0, 2200.0, 0, 4050.0, 1650.0, 1050.0, 1050.0, 7550.0, 3400.0, 0, 0.5, 1.0, '2 platforms', 'https://twitter.com/MaivineKusanagi'),
  ('NL', 'Sim Geon', 'Player', 'Street Fighter', 'Street Fighter', 'South Korea', 'Tier 2', 11000.0, 4600.0, 0, 8600.0, 3500.0, 2200.0, 2200.0, 15950.0, 7150.0, 0, 0.75, 1.0, '3 platforms', 'https://x.com/sf5nl'),
  ('Xiaohai', 'Zeng Zhuojun', 'Player', 'Street Fighter', 'Street Fighter', 'China', 'Tier 3', 11000.0, 4600.0, 0, 8600.0, 3500.0, 2200.0, 2200.0, 15950.0, 7150.0, 0, 0.1, 1.0, '1 platform', 'https://x.com/Xiaohai_'),
  ('Ghirlanda', 'Joshua Bianchi', 'Manager', 'Street Fighter', 'Street Fighter', 'Italian', 'Tier 3', 5200.0, 2200.0, 0, 4050.0, 1650.0, 1050.0, 0.0, 7550.0, 3400.0, 0, 0.25, 1.0, '1 platform', 'https://x.com/ghirlandatekken'),
  ('Aqeel9', 'Mishari Alaqeel', 'Player', 'Tekken', 'Tekken', 'Saudi Arabia', 'Tier 2', 11250.0, 4500.0, 0, 8000.0, 3500.0, 2000.0, 2000.0, 13500.0, 6075.0, 0, 0.3, 1.0, '2 platforms', 'https://x.com/mka988'),
  ('Atif Butt', 'Atif Ijaz', 'Player', 'Tekken', 'Tekken', 'Pakistan', 'Tier 3', 12100.0, 5100.0, 0, 9450.0, 3850.0, 2400.0, 2400.0, 17550.0, 7850.0, 0, 0.5, 1.0, '1 platform', 'https://x.com/AtifButt540'),
  ('Farzeen', 'Muhammad Farzeen', 'Player', 'Tekken', 'Tekken', 'Pakistan', 'Tier 2', 5200.0, 2200.0, 0, 4050.0, 1650.0, 1050.0, 1050.0, 7550.0, 3400.0, 0, 0.75, 1.0, '2 platforms', 'https://x.com/Farzeen_tk'),
  ('Numan', 'Nauman Chaudhry', 'Player', 'Tekken', 'Tekken', 'Pakistan', 'Tier 3', 11000.0, 4600.0, 0, 8600.0, 3500.0, 2200.0, 2200.0, 15950.0, 7150.0, 0, 0.75, 1.0, '1 platform', 'https://x.com/tk_numanch'),
  ('Usama Abbasi', 'Usama Abbasi', 'Player', 'Tekken', 'Tekken', 'Pakistan', 'Tier 3', 5200.0, 2200.0, 0, 4050.0, 1650.0, 1050.0, 1050.0, 7550.0, 3400.0, 0, 0.75, 1.0, '1 platform', 'https://x.com/usamatekken708'),
  ('Ghirlanda', 'Joshua Bianchi', 'Manager', 'Tekken', 'Tekken', 'Italian', 'Tier 3', 5200.0, 2200.0, 0, 4050.0, 1650.0, 1050.0, 0.0, 7550.0, 3400.0, 0, 0.25, 1.0, '1 platform', 'https://x.com/ghirlandatekken'),
  ('Alexy', 'Alexandria Francisco', 'Player', 'VALORANT', 'Falcons Vega', 'Filipino', 'Tier 2', 11250.0, 4500.0, 0, 8000.0, 3500.0, 2000.0, 2000.0, 13500.0, 6075.0, 0, 0.3, 1.0, '3 platforms', 'https://x.com/alexyyfrancisco'),
  ('enerii', 'Odella Abraham', 'Player', 'VALORANT', 'Falcons Vega', 'Indonesian', 'Tier 2', 11000.0, 4600.0, 0, 8600.0, 3500.0, 2200.0, 2200.0, 15950.0, 7150.0, 0, 0.3, 1.0, '2 platforms', 'https://x.com/eneriiiiiii'),
  ('Kamiyu', 'Camille Enriquez', 'Player', 'VALORANT', 'Falcons Vega', 'Filipino', 'Tier 3', 11000.0, 4600.0, 0, 8600.0, 3500.0, 2200.0, 2200.0, 15950.0, 7150.0, 0, 0.4, 1.0, '1 platform', 'https://x.com/Kamiyuchii'),
  ('madv', 'Modhi Alkanhal', 'Player', 'VALORANT', 'Falcons Vega', 'Saudi', 'Tier 2', 5200.0, 2200.0, 0, 4050.0, 1650.0, 1050.0, 1050.0, 7550.0, 3400.0, 0, 0.2, 1.0, '2 platforms', 'https://x.com/itMadv'),
  ('Dannyto', 'Danail Sofroniev', 'Head Coach', 'VALORANT', 'Falcons Vega', 'Bulgarian', 'Tier 3', 12100.0, 5100.0, 0, 9450.0, 3850.0, 2400.0, 0.0, 17550.0, 7850.0, 0, 0.5, 1.0, '1 platform', 'https://x.com/DANNYTO_vlr'),
  ('CarlJr', 'Carl-Anthony Cloutier', 'Player', 'Trackmania', 'Team Falcons', 'Canadian', 'Tier 1', 5700.0, 2400.0, 0, 4450.0, 1850.0, 1150.0, 1150.0, 8300.0, 3700.0, 0, 0.25, 1.0, '5 platforms', 'https://x.com/CarlJrtm'),
  ('Spammiej', 'Tim Lunenburg', 'Coach', 'Trackmania', 'Team Falcons', 'Dutch', 'Tier 1', 20700.0, 8700.0, 0, 16150.0, 6600.0, 4150.0, 0.0, 30000.0, 13450.0, 0, 0.25, 1.0, '5 platforms', 'https://x.com/Spammiejj'),
  ('2ReaL', 'Brendan Stockdale', 'Player', 'Call of Duty Black Ops 7', 'Falcons Academy White', 'American', 'Tier 2', 8800.0, 3700.0, 0, 6850.0, 2800.0, 1750.0, 1750.0, 12750.0, 5700.0, 0, 0.3, 1.0, '1 platform', 'https://x.com/MG2ReaL'),
  ('Manny', 'Emmanuel Lemos', 'Player', 'Call of Duty Black Ops 7', 'Falcons Academy White', 'American', 'Tier 2', 8800.0, 3700.0, 0, 6850.0, 2800.0, 1750.0, 1750.0, 12750.0, 5700.0, 0, 0.3, 1.0, '1 platform', 'https://x.com/Manny7F'),
  ('KnoX', 'Hakem Al-Shaibani', 'Player', 'Call of Duty Black Ops 7', 'FaZe Falcons', null, 'Tier 2', 8800.0, 3700.0, 0, 6850.0, 2800.0, 1750.0, 1750.0, 12750.0, 5700.0, 0, 0.3, 1.0, '2 platforms', 'https://x.com/Knox__77'),
  ('Swooty', 'Jared Najera', 'Player', 'Call of Duty Black Ops 7', 'FaZe Falcons', 'American', 'Tier 2', 11000.0, 4600.0, 0, 8600.0, 3500.0, 2200.0, 2200.0, 15950.0, 7150.0, 0, 0.3, 1.0, '3 platforms', 'https://x.com/SwootyWRLD'),
  ('Tapewaare', 'Sindre Ellefsen', 'Player', 'Counterstrike2', 'Falcons Force', 'Norwegian', 'Tier 2', 11000.0, 4600.0, 0, 8600.0, 3500.0, 2200.0, 2200.0, 15950.0, 7150.0, 0, 0.75, 1.0, '2 platforms', 'https://x.com/tapewaare'),
  ('Pollo', 'Miguel Moreno', 'Player', 'Fortnite', 'Fortnite', 'Mexican/American', 'Tier 2', 11000.0, 4600.0, 0, 8600.0, 3500.0, 2200.0, 2200.0, 15950.0, 7150.0, 0, 0.25, 1.0, '3 platforms', 'https://x.com/pollofn6'),
  ('FlapTzy', 'David Charles Canon', 'Player', 'Mobile Legends Bang Bang', 'Team Falcons PH', 'Philippines', 'Tier 2', 11000.0, 4600.0, 0, 8600.0, 3500.0, 2200.0, 2200.0, 15950.0, 7150.0, 0, 0.3, 1.0, '5 platforms', 'https://twitter.com/flapteezyy'),
  ('KyleTzy', 'Michael Angelo Sayson', 'Player', 'Mobile Legends Bang Bang', 'Team Falcons PH', 'Philippines', 'Tier 2', 12650.0, 5300.0, 0, 9850.0, 4050.0, 2550.0, 2550.0, 18350.0, 8200.0, 0, 0.3, 1.0, '3 platforms', null),
  ('Ferdz', 'Vincent Joseph Villones Unigo', 'Player', 'Mobile Legends Bang Bang', 'Team Falcons PH', 'Philippines', 'Tier 2', 11000.0, 4600.0, 0, 8600.0, 3500.0, 2200.0, 2200.0, 15950.0, 7150.0, 0, 0.3, 1.0, '2 platforms', null),
  ('Ducky', 'Francis John Glindro', 'Head Coach', 'Mobile Legends Bang Bang', 'Team Falcons PH', 'Philippines', 'Tier 3', 11000.0, 4600.0, 0, 8600.0, 3500.0, 2200.0, 0.0, 15950.0, 7150.0, 0, 0.3, 1.0, '3 platforms', null),
  ('Checkmate', 'Baek Seung-hun', 'Player', 'Overwatch2', 'Team Falcons', 'South Korean', 'Tier 2', 8000.0, 4000.0, 0, 6000.0, 3000.0, 2000.0, 2000.0, 6000.0, 5000.0, 0, 0.75, 1.0, '2 platforms', 'https://x.com/ow_checkmate'),
  ('jume', 'Marc Steinmann', 'Player', 'Rainbow Six Siege', 'Team Falcons', 'German', 'Tier 2', 11000.0, 4600.0, 0, 8600.0, 3500.0, 2200.0, 2200.0, 15950.0, 7150.0, 0, 0.75, 1.0, '4 platforms', 'https://x.com/jumeR6S'),
  ('Luy', 'Layan Almahmoud', 'Player', 'VALORANT', 'Falcons Vega', 'Saudi Arabia', 'Tier 2', 12650.0, 5300.0, 0, 9850.0, 4050.0, 2550.0, 2550.0, 18350.0, 8200.0, 0, 0.75, 1.0, '0 platforms', null),
  ('shirazi', 'Kelly Jaudian', 'Player', 'VALORANT', 'Falcons Vega', 'Filipino', 'Tier 2', 9700.0, 4050.0, 0, 7550.0, 3100.0, 1950.0, 1950.0, 14050.0, 6300.0, 0, 0.75, 1.0, '2 platforms', 'https://x.com/shirazigo'),
  ('CAROT', 'NGUYEN TRUNG KHANG', 'Player', 'Crossfire', 'Team Falcons', 'Vietnamese', 'Tier 2', 11000.0, 4600.0, 0, 8600.0, 3500.0, 2200.0, 2200.0, 15950.0, 7150.0, 0, 0.3, 1.0, '0 platforms', null),
  ('DANXY', 'Nguyen Bao Duy', 'Player', 'Crossfire', 'Team Falcons', 'Vietnamese', 'Tier 2', 8800.0, 3700.0, 0, 6850.0, 2800.0, 1750.0, 1750.0, 12750.0, 5700.0, 0, 0.3, 1.0, '0 platforms', null),
  ('LDX', 'Luong Duc Tuan', 'Player', 'Crossfire', 'Team Falcons', 'Vietnamese', 'Tier 2', 8800.0, 3700.0, 0, 6850.0, 2800.0, 1750.0, 1750.0, 12750.0, 5700.0, 0, 0.3, 1.0, '0 platforms', null),
  ('Dola', 'Dam Viet Hung', 'Player', 'Crossfire', 'Team Falcons', 'Vietnamese', 'Tier 2', 8800.0, 3700.0, 0, 6850.0, 2800.0, 1750.0, 1750.0, 12750.0, 5700.0, 0, 0.3, 1.0, '1 platform', null),
  ('Shady', 'Mai Thanh Phong', 'Player', 'Crossfire', 'Team Falcons', 'Vietnamese', 'Tier 2', 8800.0, 3700.0, 0, 6850.0, 2800.0, 1750.0, 1750.0, 12750.0, 5700.0, 0, 0.3, 1.0, '2 platforms', null),
  ('Alpine', 'Alejandro Ayala', 'Manager', 'Apex Legends', 'Apex Legends', 'American', 'Tier 3', 0.0, 0.0, 0, 0.0, 0.0, 0.0, 0.0, 0.0, 0.0, 0, 0.3, 1.0, '1 platform', 'https://x.com/alpinedadog?lang=en'),
  ('Draugr', 'Kyle Gillard', 'Head Coach', 'Apex Legends', 'Apex Legends', 'Australian', 'Tier 2', 0.0, 0.0, 0, 0.0, 0.0, 0.0, 0.0, 0.0, 0.0, 0, 0.3, 1.0, '2 platforms', 'https://x.com/DraugrAU'),
  ('ImperialHal', 'Phillip Dosen', 'Player', 'Apex Legends', 'Apex Legends', 'American', 'Tier 1', 11000.0, 4600.0, 0, 8600.0, 3500.0, 2200.0, 2200.0, 15950.0, 7150.0, 0, 0.15, 1.0, '2 platforms', 'https://x.com/ImperialHal'),
  ('Privacy', 'Yaman Kayal', 'Analyst', 'Apex Legends', 'Apex Legends', 'German / Syrian', 'Tier 1', 20700.0, 8700.0, 0, 16150.0, 6600.0, 4150.0, 0.0, 30000.0, 13450.0, 0, 0.3, 1.0, '4 platforms', 'https://x.com/Privacy_Pleas'),
  ('Wxltzy', 'Ben Walton', 'Player', 'Apex Legends', 'Apex Legends', 'Australian', 'Tier 2', 11250.0, 4500.0, 0, 8000.0, 3500.0, 2000.0, 2000.0, 13500.0, 6075.0, 0, 0.75, 1.0, '2 platforms', 'https://x.com/Wxltzy'),
  ('Clayster', 'James Eubanks', 'Head Coach', 'Call of Duty Black Ops 7', 'Riyadh Falcons', 'American', 'Tier 2', 5700.0, 2400.0, 0, 4450.0, 1850.0, 1150.0, 0.0, 8300.0, 3700.0, 0, 0.3, 1.0, '3 platforms', 'https://x.com/Clayster'),
  ('Gild', null, 'Player', 'Apex Legends', 'Apex Legends', 'American', 'Tier 2', 5700.0, 8500.0, 0, 3500.0, 2100.0, 13500.0, 13500.0, 6300.0, 3700.0, 0, 0.75, 1.0, null, null),
  ('MoT3yyB', 'Mutab Almuammar', 'Assistant Coach', 'Call of Duty Black Ops 7', 'Riyadh Falcons', 'Saudi Arabia', 'Tier 2', 0.0, 0.0, 0, 0.0, 0.0, 0.0, 0.0, 0.0, 0.0, 0, 0.3, 1.0, '1 platform', 'https://x.com/MoT3yyB'),
  ('JPDigits', 'Jonathan Perry', 'Analyst', 'Call of Duty Black Ops 7', 'Riyadh Falcons', 'United Kingdom', 'Tier 2', 0.0, 0.0, 0, 0.0, 0.0, 0.0, 0.0, 0.0, 0.0, 0, 0.3, 1.0, '1 platform', 'https://x.com/JPerry264');

-- CREATORS (17 rows)
insert into public.creators (nickname, score, tier_code, rate_x_post_quote, rate_x_repost, rate_ig_post, rate_ig_story, rate_ig_reels, rate_yt_full, rate_yt_preroll, rate_yt_shorts, rate_snapchat, rate_tiktok_ours, rate_tiktok_client, rate_event_snap, rate_twitch_kick_live, rate_kick_irl, rate_telegram, notes, link) values
  ('BanderitaX', 98.0, 'Tier S', 56250.0, 22500.0, 28125.0, 16875.0, 28125.0, 67500.0, 50625.0, 39375.0, 31500.0, 14063.0, 28125.0, 11250.0, 39375.0, 0, 0, null, null),
  ('oPiiLz', 72.0, 'Tier 1', 22500.0, 9000.0, 11250.0, 6750.0, 11250.0, 27000.0, 20250.0, 15750.0, 12600.0, 5625.0, 11250.0, 4500.0, 15750.0, 0, 0, null, null),
  ('Msdossary7', 72.0, 'Tier 1', 22500.0, 9000.0, 11250.0, 6750.0, 11250.0, 27000.0, 20250.0, 15750.0, 12600.0, 5625.0, 11250.0, 4500.0, 15750.0, 0, 0, null, null),
  ('Aziz', 68.0, 'Tier 1', 18000.0, 7200.0, 9000.0, 5400.0, 9000.0, 21600.0, 16200.0, 12600.0, 10080.0, 4500.0, 9000.0, 3600.0, 12600.0, 0, 0, null, null),
  ('Bo3omar22', 68.0, 'Tier 1', 18000.0, 7200.0, 9000.0, 5400.0, 9000.0, 21600.0, 16200.0, 12600.0, 10080.0, 4500.0, 9000.0, 3600.0, 12600.0, 0, 0, null, null),
  ('Abu abeer', 60.0, 'Tier 2', 11250.0, 4500.0, 5625.0, 3375.0, 5625.0, 13500.0, 10125.0, 7875.0, 6300.0, 2813.0, 5625.0, 2250.0, 7875.0, 0, 0, null, null),
  ('LLE', 58.0, 'Tier 2', 10125.0, 4050.0, 5063.0, 3038.0, 5063.0, 12150.0, 9113.0, 7088.0, 5670.0, 2531.0, 5063.0, 2025.0, 7088.0, 0, 0, null, null),
  ('Oden', 55.0, 'Tier 2', 9000.0, 3600.0, 4500.0, 2700.0, 4500.0, 10800.0, 8100.0, 6300.0, 5040.0, 2250.0, 4500.0, 1800.0, 6300.0, 0, 0, null, null),
  ('xSMA333', 52.0, 'Tier 2', 7875.0, 3150.0, 3938.0, 2363.0, 3938.0, 9450.0, 7088.0, 5513.0, 4410.0, 1969.0, 3938.0, 1575.0, 5513.0, 0, 0, null, null),
  ('3ADEL', 50.0, 'Tier 2', 6750.0, 2700.0, 3375.0, 2025.0, 3375.0, 8100.0, 6075.0, 4725.0, 3780.0, 1688.0, 3375.0, 1350.0, 4725.0, 0, 0, null, null),
  ('RAED', 48.0, 'Tier 2', 6188.0, 2475.0, 3094.0, 1856.0, 3094.0, 7425.0, 5569.0, 4331.0, 3465.0, 1547.0, 3094.0, 1238.0, 4331.0, 0, 0, null, null),
  ('Falcons', 45.0, 'Tier 2', 5625.0, 2250.0, 2813.0, 1688.0, 2813.0, 6750.0, 5063.0, 3938.0, 3150.0, 1406.0, 2813.0, 1125.0, 3938.0, 0, 0, null, null),
  ('Drb7h', 42.0, 'Tier 3', 4500.0, 1800.0, 2250.0, 1350.0, 2250.0, 5400.0, 4050.0, 3150.0, 2520.0, 1125.0, 2250.0, 900.0, 3150.0, 0, 0, null, null),
  ('FZX', 40.0, 'Tier 3', 3938.0, 1575.0, 1969.0, 1181.0, 1969.0, 4725.0, 3544.0, 2756.0, 2205.0, 984.0, 1969.0, 788.0, 2756.0, 0, 0, null, null),
  ('SaudCast', 38.0, 'Tier 3', 3375.0, 1350.0, 1688.0, 1013.0, 1688.0, 4050.0, 3038.0, 2363.0, 1890.0, 844.0, 1688.0, 675.0, 2363.0, 0, 0, null, null),
  ('Hamad', 35.0, 'Tier 3', 2813.0, 1125.0, 1406.0, 844.0, 1406.0, 3375.0, 2531.0, 1969.0, 1575.0, 703.0, 1406.0, 563.0, 1969.0, 0, 0, null, null),
  ('9leeh', 32.0, 'Tier 3', 2250.0, 900.0, 1125.0, 675.0, 1125.0, 2700.0, 2025.0, 1575.0, 1260.0, 563.0, 1125.0, 450.0, 1575.0, 0, 0, null, null);

-- ADD-ONS (15 rows)
insert into public.addons (label, uplift_pct, description, sort_order) values
  ('Paid Usage 30d MENA', 0.1, 'Media spend boost, MENA region, 30 days', 1),
  ('Paid Usage 30d Global', 0.15, 'Media spend boost, Global, 30 days', 2),
  ('Paid Usage 60d MENA', 0.2, 'Media spend boost, MENA region, 60 days', 3),
  ('Paid Usage 60d Global', 0.3, 'Media spend boost, Global, 60 days', 4),
  ('Paid Usage 90d MENA', 0.3, 'Media spend boost, MENA region, 90 days', 5),
  ('Paid Usage 90d Global', 0.45, 'Media spend boost, Global, 90 days', 6),
  ('Whitelisting / Spark Ads', 0.1, 'Enable brand to run Spark Ads from talent handle', 7),
  ('Exclusivity 30d (category)', 0.15, 'No competing brand in category for 30 days', 8),
  ('Exclusivity 90d (category)', 0.35, 'No competing brand in category for 90 days', 9),
  ('Brand Lockup / Logo Usage', 0.1, 'Talent image + brand lockup for OOH/print', 10),
  ('Licensing (image, 1 year)', 0.25, 'Likeness license for brand assets, 12 months', 11),
  ('Dedicated Content (non-integrated)', 0.2, 'Stand-alone brand content, not integration', 12),
  ('Event Appearance bundle', 0.15, 'IRL appearance beyond scope (+ travel if intl.)', 13),
  ('Rush / <72h turnaround', 0.25, 'Delivery under 72 hours', 14),
  ('Cross-post to Team Falcons org', 0.1, 'Re-post from official Team Falcons channels', 15);

-- ASSUMPTIONS LOG (15 industry-reasonable defaults)
insert into public.assumptions (area, assumption, source, confidence, revisit_trigger) values
  ('Tier S threshold', '>1M followers on any one platform', 'Creator Economy Report 2024 (Influencer Marketing Hub)', 'Medium', 'Shikenso audience data Phase 2 (Q3 2026)'),
  ('Tier 1 threshold', '250K – 1M', 'Peer survey of MENA esports orgs', 'Medium', 'Quarterly market scan'),
  ('Floor Share %', 'IRL floor fraction ranges 0.65 → 0.25 by tier', 'Conservative internal estimate', 'Low-Medium', 'First 5 Shikenso-measured campaigns'),
  ('Base Fee Tier S', 'SAR 40K – 50K', 'Regional superstar deal comps + 2024 KSA tournament pricing', 'Medium', 'Any new Tier S signing'),
  ('Base Fee Tier 4', 'SAR 3K – 5.5K', 'Team Falcons payroll equivalency', 'High', 'Annual review'),
  ('Engagement Rate tiers', '<3% → ≥7% bracket system', 'Hootsuite Social Trends 2024 (gaming vertical)', 'High', 'Shikenso monthly reports'),
  ('IG Story multiplier', '0.17 × IG Reel', 'Internal measurement (v1.0 → v1.5 campaigns, n=22)', 'Medium', 'Every 10 campaigns'),
  ('IRL = 2.2 × IG Reel', 'Hardcoded in Player RC', 'Internal — 2× exposure × physical presence premium', 'Low-Medium', 'Next 3 IRL activations'),
  ('Confidence cap ladder', 'pending=0.75× → exact=1.0×', 'Standard agency practice', 'High', 'Post-Shikenso integration'),
  ('Commission %', '30% default — DO NOT modify', 'Team Falcons × FMG contract', 'Locked', 'Contract renewal only'),
  ('Authority Factor', '1.0 default (neutral)', 'Escalates for Tier S on brand-anchor campaigns', 'High', 'Per-campaign review'),
  ('Seasonality', 'Regular 1.0 / Playoffs 1.2 / Finals 1.35', 'Conservative vs Twitch viewership lifts', 'Medium', 'Major-tournament specific'),
  ('Language premium', 'EN 1.0 / AR 1.1 / Bilingual 1.2', 'Arabic creator scarcity premium', 'High', 'MENA market expansion'),
  ('Content Type gradient', 'Organic 0.85 / Integrated 1.0 / Sponsored 1.15', 'Standard industry gradient', 'High', 'Stable'),
  ('Audience Quality', 'Adjacent 1.0 / Core 1.15 / Elite 1.25', 'Brand-fit proxy', 'Medium', 'Shikenso audience enrichment live');

-- Seed complete.
